entry_bar,exit_bar,bars_held,direction,entry_price,exit_price,exit_reason,pnl_pct,pnl_cash,capital
47.0,66.0,19.0,SELL,25242.8723,24489.3536,TP,2.955,295.51,100295.51
67.0,94.0,27.0,BUY,24556.5221,25392.6336,TP,3.375,338.48,100633.99
106.0,112.0,6.0,SELL,25072.7581,25371.1231,SL,-1.22,-122.77,100511.22
126.0,130.0,4.0,SELL,25580.5529,25937.3893,SL,-1.425,-143.22,100367.99
131.0,136.0,5.0,SELL,25893.1466,26246.5262,SL,-1.395,-139.99,100228.0
182.0,185.0,3.0,BUY,25271.479,24823.1987,SL,-1.804,-180.8,100047.21
186.0,187.0,1.0,BUY,26321.2048,25818.3468,SL,-1.94,-194.14,99853.07
188.0,209.0,21.0,SELL,25743.0224,24281.4009,TP,5.648,563.94,100417.01
211.0,212.0,1.0,BUY,24243.9655,23638.7976,SL,-2.526,-253.67,100163.34
213.0,219.0,6.0,BUY,23474.2312,22858.5054,SL,-2.653,-265.73,99897.61
221.0,223.0,2.0,BUY,23075.9326,22313.7931,SL,-3.333,-332.93,99564.68
,,,BUY,,,EOD,2.111,210.15,99774.83
