symbol,entry_date,exit_date,entry,exit,peak,days_held,gross_pct,net_pct,pnl_rs,outcome,cagr_pct
SBIN,2025-09-24,2026-03-13,876.44,1048.97,1234.7,116,19.69,19.44,19435.62,TRAIL_STOP,74.88631205259672
BAJFINANCE,2025-09-15,2026-01-08,999.5,968.02,1102.5,79,-3.15,-3.4,-3399.95,SMA_EXIT,-14.770386151499737
LT,2025-10-29,2026-01-22,3989.99,3797.0,4195.0,58,-4.84,-5.09,-5086.94,SMA_EXIT,-28.018332762704844
AXISBANK,2026-01-30,2026-03-13,1352.68,1216.8,1418.3,30,-10.04,-10.29,-10295.0,HARD_STOP,-73.31726009363332
ASIANPAINT,2025-11-14,2026-01-27,2866.53,2578.59,2985.7,49,-10.04,-10.29,-10295.0,HARD_STOP,-55.4638671479421
MARUTI,2025-08-28,2026-01-28,14902.45,14757.12,17370.0,103,-0.98,-1.23,-1225.21,TRAIL_STOP,-4.290981963274964
TITAN,2025-11-06,2026-03-24,3781.89,3948.32,4378.4,95,4.4,4.15,4150.84,SMA_EXIT,16.909227454484732
DIVISLAB,2025-07-01,2025-08-06,6831.91,6145.65,7071.5,26,-10.04,-10.29,-10295.0,HARD_STOP,-78.22499916893246
JSWSTEEL,2026-02-26,2026-03-13,1276.14,1147.95,1282.3,10,-10.05,-10.3,-10295.0,HARD_STOP,-98.10798676038766
TATASTEEL,2025-10-10,2025-12-09,176.09,163.31,186.94,40,-7.26,-7.51,-7507.56,SMA_EXIT,-50.95272738612545
TATASTEEL,2026-01-16,2026-03-13,190.15,183.89,216.45,39,-3.29,-3.54,-3539.34,TRAIL_STOP,-28.631530219626246
BPCL,2025-10-31,2026-03-09,358.18,332.74,391.65,87,-7.1,-7.35,-7353.42,TRAIL_STOP,-27.405584274869355
HEROMOTOCO,2025-11-18,2026-01-23,5822.91,5427.51,6388.5,46,-6.79,-7.04,-7040.42,TRAIL_STOP,-43.96794314959342
GRASIM,2025-08-22,2025-11-07,2882.54,2698.65,2977.8,51,-6.38,-6.63,-6629.46,SMA_EXIT,-38.79623257370086
EICHERMOT,2025-08-26,2026-03-12,5982.99,6992.0,8230.0,135,16.86,16.61,16614.68,TRAIL_STOP,51.50739011887482
APOLLOHOSP,2025-08-18,2025-11-19,7853.92,7415.29,8099.5,63,-5.58,-5.83,-5834.91,SMA_EXIT,-29.391246790294655
HINDALCO,2025-10-27,2026-02-01,835.32,874.89,1029.8,66,4.74,4.49,4487.71,TRAIL_STOP,27.493790298220656
ADANIPORTS,2025-10-17,2026-01-14,1480.24,1428.29,1549.0,60,-3.51,-3.76,-3759.85,SMA_EXIT,-20.79608411969375
ADANIPORTS,2026-02-05,2026-03-04,1568.78,1411.2,1584.0,18,-10.05,-10.3,-10295.0,HARD_STOP,-88.96593213856917
VOLTAS,2026-02-13,2026-03-16,1534.77,1380.6,1582.5,20,-10.04,-10.29,-10295.0,HARD_STOP,-86.21694039298062
INDIGO,2025-07-01,2025-11-10,5965.48,5601.2,6232.5,89,-6.11,-6.36,-6356.52,SMA_EXIT,-23.62351018570624
BIOCON,2025-11-13,2026-01-12,407.35,366.43,424.95,41,-10.04,-10.29,-10295.0,HARD_STOP,-61.966297762743835
IDFCFIRSTB,2025-12-03,2026-02-23,82.02,73.78,87.0,56,-10.05,-10.3,-10295.0,HARD_STOP,-50.76115153022995
PNB,2025-10-13,2026-03-09,116.93,114.82,135.15,100,-1.8,-2.05,-2053.13,TRAIL_STOP,-7.281540518359508
IOC,2025-10-30,2026-03-09,163.17,160.54,188.96,88,-1.62,-1.87,-1865.39,TRAIL_STOP,-7.531013525398677
POLYCAB,2025-09-22,2026-01-19,7552.77,7178.91,7948.0,80,-4.95,-5.2,-5200.05,SMA_EXIT,-21.623107752482685
POLYCAB,2026-02-26,2026-03-11,8352.67,7513.65,8722.0,8,-10.04,-10.29,-10295.0,HARD_STOP,-99.29471591192801
MOTHERSON,2025-11-28,2026-03-09,116.7,115.67,136.15,68,-0.88,-1.13,-1131.49,TRAIL_STOP,-5.9176490136471855
NYKAA,2025-10-07,2026-01-27,257.13,234.88,273.22,75,-8.65,-8.9,-8901.71,SMA_EXIT,-36.46845241184208
NYKAA,2026-02-09,2026-03-09,277.14,249.3,285.6,19,-10.04,-10.29,-10295.0,HARD_STOP,-87.58210349007346
PAYTM,2025-11-07,2026-01-23,1315.66,1183.5,1381.8,53,-10.04,-10.29,-10295.0,HARD_STOP,-52.66037997910239
INDIANB,2025-07-25,2026-03-16,653.13,849.58,1000.0,158,30.08,29.83,29828.19,TRAIL_STOP,82.77244988310622
CANBK,2025-09-23,2026-03-09,118.83,138.39,162.89,113,16.46,16.21,16208.8,TRAIL_STOP,62.45844148458601
BANKBARODA,2025-11-04,2026-03-16,291.1,276.54,325.5,90,-5.0,-5.25,-5251.39,TRAIL_STOP,-19.644479226925593
UNIONBANK,2026-01-16,2026-03-13,179.34,174.58,205.49,39,-2.65,-2.9,-2904.44,TRAIL_STOP,-24.07494758243569
